image,location,skills,interests,bio,header,name,user_id,links,achievements,followers,following,projects,likes
https://avatars3.githubusercontent.com/u/16629943?height=180&v=4&width=180,None,"['CSS, HTML']","['DevOps, E-commerce/Retail, Fintech, IoT, Low/No Code, Mobile']",None,None,None,671a5d4ce7e9496444c1697a,,,,,,
https://avatars3.githubusercontent.com/u/16629943?height=180&v=4&width=180,None,"['DevOps, Education, Gaming']","['Education, Gaming, Lifehacks, Mobile, Productivity']",None,None,None,671b64262b605334688d5f77,,,,,,
https://avatars3.githubusercontent.com/u/16629943?height=180&v=4&width=180,None,"['CSS, Java, Javascript, JavaScriptMVC']","['AR/VR, Communication, DevOps, Enterprise, Health, Robotic Process Automation']",None,None,None,6738555f109b86c8ac5c1043,,,,,,
https://avatars3.githubusercontent.com/u/16629943?height=180&v=4&width=180,None,"['CSS, Python, Web Development, AI, Natural Language Processing']","['AR/VR, Communication, DevOps, Enterprise, Health, Gaming']",None,None,None,675e97658b9e29ca9e4748ad,,,,,,
https://avatars3.githubusercontent.com/u/16629943?height=180&v=4&width=180,None,"['DevOps, Education, Gaming']","['DevOps, Education, Gaming']",None,None,None,675ede0584cadef4334f0aa4,,,,,,
https://avatars3.githubusercontent.com/u/16629943?height=180&v=4&width=180,None,"['DevOps, Education, Gaming']","['DevOps, Education, Gaming']",None,None,None,676644f338ec4d0f75c6fade,,,,,,
https://avatars3.githubusercontent.com/u/16629943?height=180&v=4&width=180,None,"['python, r, javascript, vue, hyperledger, machine-learning']","['AR/VR, Blockchain, DevOps, Fintech, IoT, Machine Learning/AI, Productivity, Social Good']",None,None,None,6767d5568d0d9225c5a8504e,,,,,,
https://avatars3.githubusercontent.com/u/16629943?height=180&v=4&width=180,None,"['DevOps, Education, Gaming']","['DevOps, Education, Gaming']",None,None,None,676981f1d32c5e50d8b8c55d,,,,,,
https://avatars3.githubusercontent.com/u/16629943?height=180&v=4&width=180,None,"['Java, DevOps']","['Communication, DevOps, Health, Low/No Code, Mobile']",None,None,None,67887693bc9c68cbc150eccf,,,,,,
https://avatars3.githubusercontent.com/u/16629943?height=180&v=4&width=180,None,"['DevOps, Education, Gaming']","['DevOps, Education, Gaming']",None,None,None,6796ee5d4f84ad01e7cac6bf,,,,,,
